{
  "accuracy": 0.6738333333333333,
  "auc_roc": 0.7396597624448619,
  "f1": 0.6723863731480706,
  "model": "mlp",
  "precision": 0.6690821256038647,
  "recall": 0.6757234185733513,
  "train_time_sec": 8.369031875001383
}